Questions,Badge Weightage
Loading a generic Google Spreadsheet in Pandas,1425
"HDF5 - concurrency, compression &amp; I/O performance",1425
IndexError: indices are out-of-bounds when accessing pandas.DataFrame,640
Pandas: How to fill in null values from columns in another dataframe?,527
Pandas: How to fill null values with mean of a groupby?,527
How do I round datetime column to nearest quarter hour,527
Pandas: How to create a category based on expanding quantile?,527
How to deal with SettingWithCopyWarning in Pandas?,443
Finding the largest N integrals in a time series with Python,437
Delete column from pandas DataFrame,428
